SYMBOL,SECURITY NAME,ISIN NO,FACE VALUE,INDUSTRY,SECTOR,SUB SECTOR
360ONE,360 ONE WAM Ltd.,INE466L01038,,Financial Services,Financial Services,Investment Banking & Brokerage
3MINDIA,3M India Ltd.,INE470A01017,,Services,Diversified,Stationery
ABB,ABB India Ltd.,INE117A01022,,Capital Goods,Capital Goods,Heavy Electrical Equipments
ACC,ACC Ltd.,INE012A01025,,Construction,Construction Materials,Cement
ACMESOLAR,ACME Solar Holdings Ltd.,INE622W01025,,Power,Power,Renewable Energy
AIAENG,AIA Engineering Ltd.,INE212H01026,,Capital Goods,Capital Goods,Industrial Machinery
APLAPOLLO,APL Apollo Tubes Ltd.,INE702C01027,,Capital Goods,Capital Goods,Building Products - Pipes
AUBANK,AU Small Finance Bank Ltd.,INE949L01017,,Financial Services,Financial Services,Consumer Finance
AWL,AWL Agri Business Ltd.,INE699H01024,,Fast Moving Consumer Goods,Fast Moving Consumer Goods,FMCG - Foods
AADHARHFC,Aadhar Housing Finance Ltd.,INE883F01010,,Financial Services,Financial Services,Consumer Finance
AARTIIND,Aarti Industries Ltd.,INE769A01020,,Chemicals,Chemicals,Specialty Chemicals
AAVAS,Aavas Financiers Ltd.,INE216P01012,,Financial Services,Financial Services,Home Financing
ABBOTINDIA,Abbott India Ltd.,INE358A01014,,Healthcare,Healthcare,Pharmaceuticals
ACE,Action Construction Equipment Ltd.,INE731H01025,,Capital Goods,Capital Goods,Heavy Machinery
ACUTAAS,Acutaas Chemicals Ltd.,INE00FF01025,,Healthcare,Healthcare,Biotechnology
ADANIENSOL,Adani Energy Solutions Ltd.,INE931S01010,,Power,Power,Power Infrastructure
ADANIENT,Adani Enterprises Ltd.,INE423A01024,,Metals & Mining,Metals & Mining,Commodities Trading
ADANIGREEN,Adani Green Energy Ltd.,INE364U01010,,Power,Power,Renewable Energy
ADANIPORTS,Adani Ports and Special Economic Zone Ltd.,INE742F01042,,Services,Services,Ports
ADANIPOWER,Adani Power Ltd.,INE814H01029,,Power,Power,Power Generation
ATGL,Adani Total Gas Ltd.,INE399L01023,,"Oil, Gas & Consumable Fuels",Oil Gas & Consumable Fuels,Gas Distribution
ABCAPITAL,Aditya Birla Capital Ltd.,INE674K01013,,Financial Services,Financial Services,Diversified Financials
ABFRL,Aditya Birla Fashion and Retail Ltd.,INE647O01011,,Services,Consumer Services,Retail - Apparel
ABLBL,Aditya Birla Lifestyle Brands Ltd.,INE14LE01019,,Services,Consumer Services,Retail - Apparel
ABREL,Aditya Birla Real Estate Ltd.,INE055A01016,,Realty,Realty,Textiles
ABSLAMC,Aditya Birla Sun Life AMC Ltd.,INE404A01024,,Financial Services,Financial Services,Asset Management
CPPLUS,Aditya Infotech Ltd.,INE819V01029,,Capital Goods,Capital Goods,Electronic Equipments
AEGISLOG,Aegis Logistics Ltd.,INE208C01025,,"Oil, Gas & Consumable Fuels",Oil Gas & Consumable Fuels,Oil & Gas - Storage & Transportation
AEGISVOPAK,Aegis Vopak Terminals Ltd.,INE0INX01018,,"Oil, Gas & Consumable Fuels",Oil Gas & Consumable Fuels,Oil & Gas - Storage & Transportation
AFCONS,Afcons Infrastructure Ltd.,INE101I01011,,Construction,Construction,Construction & Engineering
AFFLE,Affle 3i Ltd.,INE00WC01027,,Information Technology,Information Technology,Advertising
AJANTPHARM,Ajanta Pharmaceuticals Ltd.,INE031B01049,,Healthcare,Healthcare,Pharmaceuticals
ALKEM,Alkem Laboratories Ltd.,INE540L01014,,Healthcare,Healthcare,Pharmaceuticals
ABDL,Allied Blenders and Distillers Ltd.,INE552Z01027,,Fast Moving Consumer Goods,Fast Moving Consumer Goods,Alcoholic Beverages
ARE&M,Amara Raja Energy & Mobility Ltd.,INE885A01032,,Automobile,Automobile and Auto Components,Batteries
AMBER,Amber Enterprises India Ltd.,INE371P01015,,Consumer Durables,Consumer Durables,Home Electronics & Appliances
AMBUJACEM,Ambuja Cements Ltd.,INE079A01024,,Construction,Construction Materials,Cement
ANANDRATHI,Anand Rathi Wealth Ltd.,INE463V01026,,Financial Services,Financial Services,Asset Management
ANANTRAJ,Anant Raj Ltd.,INE242C01024,,Realty,Realty,Real Estate
ANGELONE,Angel One Ltd.,INE732I01021,,Financial Services,Financial Services,Investment Banking & Brokerage
ANTHEM,Anthem Biosciences Ltd.,INE0CZ201020,,Healthcare,Healthcare,Biotechnology
ANURAS,Anupam Rasayan India Ltd.,INE930P01018,,Chemicals,Chemicals,Specialty Chemicals
APARINDS,Apar Industries Ltd.,INE372A01015,,Capital Goods,Capital Goods,Electrical Components & Equipments
APOLLOHOSP,Apollo Hospitals Enterprise Ltd.,INE437A01024,,Healthcare,Healthcare,Hospitals & Diagnostic Centres
APOLLOTYRE,Apollo Tyres Ltd.,INE438A01022,,Automobile,Automobile and Auto Components,Tires & Rubber
APTUS,Aptus Value Housing Finance India Ltd.,INE852O01025,,Financial Services,Financial Services,Home Financing
ASAHIINDIA,Asahi India Glass Ltd.,INE439A01020,,Automobile,Automobile and Auto Components,Auto Parts
ASHOKLEY,Ashok Leyland Ltd.,INE208A01029,,Capital Goods,Capital Goods,Trucks & Buses
ASIANPAINT,Asian Paints Ltd.,INE021A01026,,Consumer Durables,Consumer Durables,Paints
ASTERDM,Aster DM Healthcare Ltd.,INE914M01019,,Healthcare,Healthcare,Hospitals & Diagnostic Centres
ASTRAL,Astral Ltd.,INE006I01046,,Capital Goods,Capital Goods,Building Products - Pipes
ATHERENERG,Ather Energy Ltd.,INE0LEZ01016,,Automobile,Automobile and Auto Components,Two Wheelers
ATUL,Atul Ltd.,INE100A01010,,Chemicals,Chemicals,Diversified Chemicals
AUROPHARMA,Aurobindo Pharma Ltd.,INE406A01037,,Healthcare,Healthcare,Pharmaceuticals
AIIL,Authum Investment & Infrastructure Ltd.,INE206F01022,,Financial Services,Financial Services,Specialized Finance
DMART,Avenue Supermarts Ltd.,INE192R01011,,Services,Consumer Services,Retail - Department Stores
AXISBANK,Axis Bank Ltd.,INE238A01034,,Financial Services,Financial Services,Private Banks
BEML,BEML Ltd.,INE258A01024,,Capital Goods,Capital Goods,Rail
BLS,BLS International Services Ltd.,INE153T01027,,Services,Consumer Services,Outsourced services
BSE,BSE Ltd.,INE118H01025,,Financial Services,Financial Services,Stock Exchanges & Ratings
BAJAJ-AUTO,Bajaj Auto Ltd.,INE917I01010,,Automobile,Automobile and Auto Components,Two Wheelers
BAJFINANCE,Bajaj Finance Ltd.,INE296A01032,,Financial Services,Financial Services,Consumer Finance
BAJAJFINSV,Bajaj Finserv Ltd.,INE918I01026,,Financial Services,Financial Services,Insurance
BAJAJHLDNG,Bajaj Holdings & Investment Ltd.,INE118A01012,,Financial Services,Financial Services,Asset Management
BAJAJHFL,Bajaj Housing Finance Ltd.,INE377Y01014,,Financial Services,Financial Services,Consumer Finance
BALKRISIND,Balkrishna Industries Ltd.,INE787D01026,,Automobile,Automobile and Auto Components,Tires & Rubber
BALRAMCHIN,Balrampur Chini Mills Ltd.,INE119A01028,,Fast Moving Consumer Goods,Fast Moving Consumer Goods,Sugar
BANDHANBNK,Bandhan Bank Ltd.,INE545U01014,,Financial Services,Financial Services,Private Banks
BANKBARODA,Bank of Baroda,INE028A01039,,Financial Services,Financial Services,Public Banks
BANKINDIA,Bank of India,INE084A01016,,Financial Services,Financial Services,Public Banks
MAHABANK,Bank of Maharashtra,INE457A01014,,Financial Services,Financial Services,Public Banks
BATAINDIA,Bata India Ltd.,INE176A01028,,Consumer Durables,Consumer Durables,Footwear
BAYERCROP,Bayer Cropscience Ltd.,INE462A01022,,Chemicals,Chemicals,Fertilizers & Agro Chemicals
BELRISE,Belrise Industries Ltd.,INE894V01022,,Automobile,Automobile and Auto Components,Auto Parts
BERGEPAINT,Berger Paints India Ltd.,INE463A01038,,Consumer Durables,Consumer Durables,Paints
BDL,Bharat Dynamics Ltd.,INE171Z01026,,Capital Goods,Capital Goods,Aerospace & Defense Equipments
BEL,Bharat Electronics Ltd.,INE263A01024,,Capital Goods,Capital Goods,Electronic Equipments
BHARATFORG,Bharat Forge Ltd.,INE465A01025,,Automobile,Automobile and Auto Components,Iron & Steel
BHEL,Bharat Heavy Electricals Ltd.,INE257A01026,,Capital Goods,Capital Goods,Heavy Electrical Equipments
BPCL,Bharat Petroleum Corporation Ltd.,INE029A01011,,"Oil, Gas & Consumable Fuels",Oil Gas & Consumable Fuels,Oil & Gas - Refining & Marketing
BHARTIARTL,Bharti Airtel Ltd.,INE397D01024,,Telecommunication,Telecommunication,Telecom Services
BHARTIHEXA,Bharti Hexacom Ltd.,INE343G01021,,Telecommunication,Telecommunication,Telecom Services
BIKAJI,Bikaji Foods International Ltd.,INE00E101023,,Fast Moving Consumer Goods,Fast Moving Consumer Goods,FMCG - Foods
GROWW,Billionbrains Garage Ventures Ltd.,INE0HOQ01053,,Financial Services,Financial Services,Investment Banking & Brokerage
BIOCON,Biocon Ltd.,INE376G01013,,Healthcare,Healthcare,Biotechnology
BSOFT,Birlasoft Ltd.,INE836A01035,,Information Technology,Information Technology,IT Services & Consulting
BLUEDART,Blue Dart Express Ltd.,INE233B01017,,Services,Services,Logistics
BLUEJET,Blue Jet Healthcare Ltd.,INE0KBH01020,,Healthcare,Healthcare,Pharmaceuticals
BLUESTARCO,Blue Star Ltd.,INE472A01039,,Consumer Durables,Consumer Durables,Home Electronics & Appliances
BBTC,Bombay Burmah Trading Corporation Ltd.,INE050A01025,,Fast Moving Consumer Goods,Fast Moving Consumer Goods,
BOSCHLTD,Bosch Ltd.,INE323A01026,,Automobile,Automobile and Auto Components,Auto Parts
FIRSTCRY,Brainbees Solutions Ltd.,INE02RE01045,,Services,Consumer Services,Retail - Apparel
BRIGADE,Brigade Enterprises Ltd.,INE791I01019,,Realty,Realty,Real Estate
BRITANNIA,Britannia Industries Ltd.,INE216A01030,,Fast Moving Consumer Goods,Fast Moving Consumer Goods,FMCG - Foods
MAPMYINDIA,C.E. Info Systems Ltd.,INE0BV301023,,Information Technology,Information Technology,Software Services
CCL,CCL Products (I) Ltd.,INE421D01022,,Fast Moving Consumer Goods,Fast Moving Consumer Goods,Tea & Coffee
CESC,CESC Ltd.,INE486A01021,,Power,Power,Power Generation
CGPOWER,CG Power and Industrial Solutions Ltd.,INE067A01029,,Capital Goods,Capital Goods,Heavy Electrical Equipments
CIEINDIA,CIE Automotive India Ltd.,INE536H01010,,Automobile,Automobile and Auto Components,Auto Parts
CRISIL,CRISIL Ltd.,INE007A01025,,Financial Services,Financial Services,Stock Exchanges & Ratings
CANFINHOME,Can Fin Homes Ltd.,INE477A01020,,Financial Services,Financial Services,Home Financing
CANBK,Canara Bank,INE476A01022,,Financial Services,Financial Services,Public Banks
CANHLIFE,Canara HSBC Life Insurance Company Ltd.,INE01TY01017,,Financial Services,Financial Services,Insurance
CAPLIPOINT,Caplin Point Laboratories Ltd.,INE475E01026,,Healthcare,Healthcare,Pharmaceuticals
CGCL,Capri Global Capital Ltd.,INE180C01042,,Financial Services,Financial Services,Consumer Finance
CARBORUNIV,Carborundum Universal Ltd.,INE120A01034,,Capital Goods,Capital Goods,Industrial Machinery
CARTRADE,Cartrade Tech Ltd.,INE290S01011,,Services,Consumer Services,Online Services
CASTROLIND,Castrol India Ltd.,INE172A01027,,"Oil, Gas & Consumable Fuels",Oil Gas & Consumable Fuels,Commodity Chemicals
CEATLTD,Ceat Ltd.,INE482A01020,,Automobile,Automobile and Auto Components,Tires & Rubber
CEMPRO,Cemindia Projects Ltd.,INE686A01026,,Construction,Construction,Construction & Engineering
CENTRALBK,Central Bank of India,INE483A01010,,Financial Services,Financial Services,Public Banks
CDSL,Central Depository Services (India) Ltd.,INE736A01011,,Financial Services,Financial Services,Stock Exchanges & Ratings
CHALET,Chalet Hotels Ltd.,INE427F01016,,Services,Consumer Services,"Hotels, Resorts & Cruise Lines"
CHAMBLFERT,Chambal Fertilizers & Chemicals Ltd.,INE085A01013,,Chemicals,Chemicals,Fertilizers & Agro Chemicals
CHENNPETRO,Chennai Petroleum Corporation Ltd.,INE178A01016,,"Oil, Gas & Consumable Fuels",Oil Gas & Consumable Fuels,Oil & Gas - Refining & Marketing
CHOICEIN,Choice International Ltd.,INE102B01014,,Financial Services,Financial Services,Investment Banking & Brokerage
CHOLAHLDNG,Cholamandalam Financial Holdings Ltd.,INE149A01033,,Financial Services,Financial Services,Diversified Financials
CHOLAFIN,Cholamandalam Investment and Finance Company Ltd.,INE121A01024,,Financial Services,Financial Services,Consumer Finance
CIPLA,Cipla Ltd.,INE059A01026,,Healthcare,Healthcare,Pharmaceuticals
CUB,City Union Bank Ltd.,INE491A01021,,Financial Services,Financial Services,Private Banks
CLEAN,Clean Science and Technology Ltd.,INE227W01023,,Chemicals,Chemicals,Specialty Chemicals
COALINDIA,Coal India Ltd.,INE522F01014,,"Oil, Gas & Consumable Fuels",Oil Gas & Consumable Fuels,Mining - Coal
COCHINSHIP,Cochin Shipyard Ltd.,INE704P01025,,Capital Goods,Capital Goods,Shipbuilding
COFORGE,Coforge Ltd.,INE591G01025,,Information Technology,Information Technology,IT Services & Consulting
COHANCE,Cohance Lifesciences Ltd.,INE03QK01018,,Healthcare,Healthcare,Pharmaceuticals
COLPAL,Colgate Palmolive (India) Ltd.,INE259A01022,,Fast Moving Consumer Goods,Fast Moving Consumer Goods,FMCG - Personal Products
CAMS,Computer Age Management Services Ltd.,INE596I01020,,Financial Services,Financial Services,Diversified Financials
CONCORDBIO,Concord Biotech Ltd.,INE338H01029,,Healthcare,Healthcare,Pharmaceuticals
CONCOR,Container Corporation of India Ltd.,INE111A01025,,Services,Services,Logistics
COROMANDEL,Coromandel International Ltd.,INE169A01031,,Chemicals,Chemicals,Fertilizers & Agro Chemicals
CRAFTSMAN,Craftsman Automation Ltd.,INE00LO01017,,Automobile,Automobile and Auto Components,Industrial Machinery
CREDITACC,CreditAccess Grameen Ltd.,INE741K01010,,Financial Services,Financial Services,Consumer Finance
CROMPTON,Crompton Greaves Consumer Electricals Ltd.,INE299U01018,,Consumer Durables,Consumer Durables,Home Electronics & Appliances
CUMMINSIND,Cummins India Ltd.,INE298A01020,,Capital Goods,Capital Goods,Industrial Machinery
CYIENT,Cyient Ltd.,INE136B01020,,Information Technology,Information Technology,Software Services
DCMSHRIRAM,DCM Shriram Ltd.,INE499A01024,,Services,Diversified,Diversified Chemicals
DLF,DLF Ltd.,INE271C01023,,Realty,Realty,Real Estate
DOMS,DOMS Industries Ltd.,INE321T01012,,Fast Moving Consumer Goods,Fast Moving Consumer Goods,Stationery
DABUR,Dabur India Ltd.,INE016A01026,,Fast Moving Consumer Goods,Fast Moving Consumer Goods,FMCG - Personal Products
DALBHARAT,Dalmia Bharat Ltd.,INE00R701025,,Construction,Construction Materials,Cement
DATAPATTNS,Data Patterns (India) Ltd.,INE0IX101010,,Capital Goods,Capital Goods,Aerospace & Defense Equipments
DEEPAKFERT,Deepak Fertilisers & Petrochemicals Corp. Ltd.,INE501A01019,,Chemicals,Chemicals,Fertilizers & Agro Chemicals
DEEPAKNTR,Deepak Nitrite Ltd.,INE288B01029,,Chemicals,Chemicals,Commodity Chemicals
DELHIVERY,Delhivery Ltd.,INE148O01028,,Services,Services,Logistics
DEVYANI,Devyani International Ltd.,INE872J01023,,Services,Consumer Services,Restaurants & Cafes
DIVISLAB,Divi's Laboratories Ltd.,INE361B01024,,Healthcare,Healthcare,Labs & Life Sciences Services
DIXON,Dixon Technologies (India) Ltd.,INE935N01020,,Consumer Durables,Consumer Durables,Home Electronics & Appliances
LALPATHLAB,Dr. Lal Path Labs Ltd.,INE600L01024,,Healthcare,Healthcare,Hospitals & Diagnostic Centres
DRREDDY,Dr. Reddy's Laboratories Ltd.,INE089A01031,,Healthcare,Healthcare,Pharmaceuticals
EIDPARRY,E.I.D. Parry (India) Ltd.,INE126A01031,,Fast Moving Consumer Goods,Fast Moving Consumer Goods,Sugar
EIHOTEL,EIH Ltd.,INE230A01023,,Services,Consumer Services,"Hotels, Resorts & Cruise Lines"
EICHERMOT,Eicher Motors Ltd.,INE066A01021,,Automobile,Automobile and Auto Components,Trucks & Buses
ELECON,Elecon Engineering Co. Ltd.,INE205B01031,,Capital Goods,Capital Goods,Heavy Electrical Equipments
ELGIEQUIP,Elgi Equipments Ltd.,INE285A01027,,Capital Goods,Capital Goods,Industrial Machinery
EMAMILTD,Emami Ltd.,INE548C01032,,Fast Moving Consumer Goods,Fast Moving Consumer Goods,FMCG - Personal Products
EMCURE,Emcure Pharmaceuticals Ltd.,INE168P01015,,Healthcare,Healthcare,Pharmaceuticals
EMMVEE,Emmvee Photovoltaic Power Ltd.,INE1C6T01020,,Capital Goods,Capital Goods,Renewable Energy Equipment & Services
ENDURANCE,Endurance Technologies Ltd.,INE913H01037,,Automobile,Automobile and Auto Components,Auto Parts
ENGINERSIN,Engineers India Ltd.,INE510A01028,,Construction,Construction,Construction & Engineering
ERIS,Eris Lifesciences Ltd.,INE406M01024,,Healthcare,Healthcare,Pharmaceuticals
ESCORTS,Escorts Kubota Ltd.,INE042A01014,,Capital Goods,Capital Goods,Tractors
ETERNAL,Eternal Ltd.,INE758T01015,,Services,Consumer Services,Online Services
EXIDEIND,Exide Industries Ltd.,INE302A01020,,Automobile,Automobile and Auto Components,Batteries
NYKAA,FSN E-Commerce Ventures Ltd.,INE388Y01029,,Services,Consumer Services,Wellness Services
FEDERALBNK,Federal Bank Ltd.,INE171A01029,,Financial Services,Financial Services,Private Banks
FACT,Fertilisers and Chemicals Travancore Ltd.,INE188A01015,,Chemicals,Chemicals,Fertilizers & Agro Chemicals
FINCABLES,Finolex Cables Ltd.,INE235A01022,,Capital Goods,Capital Goods,Cables
FSL,Firstsource Solutions Ltd.,INE684F01012,,Services,Services,Outsourced services
FIVESTAR,Five-Star Business Finance Ltd.,INE128S01021,,Financial Services,Financial Services,Consumer Finance
FORCEMOT,Force Motors Ltd.,INE451A01017,,Automobile,Automobile and Auto Components,Four Wheelers
FORTIS,Fortis Healthcare Ltd.,INE061F01013,,Healthcare,Healthcare,Hospitals & Diagnostic Centres
GAIL,GAIL (India) Ltd.,INE129A01019,,"Oil, Gas & Consumable Fuels",Oil Gas & Consumable Fuels,Gas Distribution
GVT&D,GE Vernova T&D India Ltd.,INE200A01026,,Capital Goods,Capital Goods,Heavy Electrical Equipments
GMRAIRPORT,GMR Airports Ltd.,INE776C01039,,Services,Services,Construction & Engineering
GABRIEL,Gabriel India Ltd.,INE524A01029,,Automobile,Automobile and Auto Components,Auto Parts
GALLANTT,Gallantt Ispat Ltd.,INE297H01019,,Capital Goods,Capital Goods,Iron & Steel
GRSE,Garden Reach Shipbuilders & Engineers Ltd.,INE382Z01011,,Capital Goods,Capital Goods,Shipbuilding
GICRE,General Insurance Corporation of India,INE481Y01014,,Financial Services,Financial Services,Insurance
GILLETTE,Gillette India Ltd.,INE322A01010,,Fast Moving Consumer Goods,Fast Moving Consumer Goods,FMCG - Personal Products
GLAND,Gland Pharma Ltd.,INE068V01023,,Healthcare,Healthcare,Pharmaceuticals
GLAXO,Glaxosmithkline Pharmaceuticals Ltd.,INE159A01016,,Healthcare,Healthcare,Pharmaceuticals
GLENMARK,Glenmark Pharmaceuticals Ltd.,INE935A01035,,Healthcare,Healthcare,Pharmaceuticals
MEDANTA,Global Health Ltd.,INE474Q01031,,Healthcare,Healthcare,Hospitals & Diagnostic Centres
GODIGIT,Go Digit General Insurance Ltd.,INE03JT01014,,Financial Services,Financial Services,Insurance
GPIL,Godawari Power & Ispat Ltd.,INE177H01039,,Capital Goods,Capital Goods,Iron & Steel
GODFRYPHLP,Godfrey Phillips India Ltd.,INE260B01028,,Fast Moving Consumer Goods,Fast Moving Consumer Goods,FMCG - Tobacco
GODREJCP,Godrej Consumer Products Ltd.,INE102D01028,,Fast Moving Consumer Goods,Fast Moving Consumer Goods,FMCG - Personal Products
GODREJIND,Godrej Industries Ltd.,INE233A01035,,Services,Diversified,Diversified Chemicals
GODREJPROP,Godrej Properties Ltd.,INE484J01027,,Realty,Realty,Real Estate
GRANULES,Granules India Ltd.,INE101D01020,,Healthcare,Healthcare,Pharmaceuticals
GRAPHITE,Graphite India Ltd.,INE371A01025,,Capital Goods,Capital Goods,Electrical Components & Equipments
GRASIM,Grasim Industries Ltd.,INE047A01021,,Construction,Construction Materials,Cement
GRAVITA,Gravita India Ltd.,INE024L01027,,Metals & Mining,Metals & Mining,Metals - Lead
GESHIP,Great Eastern Shipping Co. Ltd.,INE017A01032,,Services,Services,Oil & Gas - Storage & Transportation
FLUOROCHEM,Gujarat Fluorochemicals Ltd.,INE09N301011,,Chemicals,Chemicals,Specialty Chemicals
GMDCLTD,Gujarat Mineral Development Corporation Ltd.,INE131A01031,,Metals & Mining,Metals & Mining,Mining - Diversified
HEG,H.E.G. Ltd.,INE545A01024,,Capital Goods,Capital Goods,Electrical Components & Equipments
HBLENGINE,HBL Engineering Ltd.,INE292B01021,,Capital Goods,Capital Goods,Batteries
HCLTECH,HCL Technologies Ltd.,INE860A01027,,Information Technology,Information Technology,IT Services & Consulting
HDBFS,HDB Financial Services Ltd.,INE756I01012,,Financial Services,Financial Services,Consumer Finance
HDFCAMC,HDFC Asset Management Company Ltd.,INE127D01025,,Financial Services,Financial Services,Asset Management
HDFCBANK,HDFC Bank Ltd.,INE040A01034,,Financial Services,Financial Services,Private Banks
HDFCLIFE,HDFC Life Insurance Company Ltd.,INE795G01014,,Financial Services,Financial Services,Insurance
HFCL,HFCL Ltd.,INE548A01028,,Telecommunication,Telecommunication,Telecom Equipments
HAVELLS,Havells India Ltd.,INE176B01034,,Consumer Durables,Consumer Durables,Electrical Components & Equipments
HEROMOTOCO,Hero MotoCorp Ltd.,INE158A01026,,Automobile,Automobile and Auto Components,Two Wheelers
HEXT,Hexaware Technologies Ltd.,INE093A01041,,Information Technology,Information Technology,IT Services & Consulting
HSCL,Himadri Speciality Chemical Ltd.,INE019C01026,,Chemicals,Chemicals,Commodity Chemicals
HINDALCO,Hindalco Industries Ltd.,INE038A01020,,Metals & Mining,Metals & Mining,Metals - Aluminium
HAL,Hindustan Aeronautics Ltd.,INE066F01020,,Capital Goods,Capital Goods,Aerospace & Defense Equipments
HINDCOPPER,Hindustan Copper Ltd.,INE531E01026,,Metals & Mining,Metals & Mining,Mining - Copper
HINDPETRO,Hindustan Petroleum Corporation Ltd.,INE094A01015,,"Oil, Gas & Consumable Fuels",Oil Gas & Consumable Fuels,Oil & Gas - Refining & Marketing
HINDUNILVR,Hindustan Unilever Ltd.,INE030A01027,,Fast Moving Consumer Goods,Fast Moving Consumer Goods,FMCG - Household Products
HINDZINC,Hindustan Zinc Ltd.,INE267A01025,,Metals & Mining,Metals & Mining,Mining - Diversified
POWERINDIA,Hitachi Energy India Ltd.,INE07Y701011,,Capital Goods,Capital Goods,Heavy Electrical Equipments
HOMEFIRST,Home First Finance Company India Ltd.,INE481N01025,,Financial Services,Financial Services,Home Financing
HONASA,Honasa Consumer Ltd.,INE0J5401028,,Fast Moving Consumer Goods,Fast Moving Consumer Goods,FMCG - Personal Products
HONAUT,Honeywell Automation India Ltd.,INE671A01010,,Capital Goods,Capital Goods,Electronic Equipments
HUDCO,Housing & Urban Development Corporation Ltd.,INE031A01017,,Financial Services,Financial Services,Specialized Finance
HYUNDAI,Hyundai Motor India Ltd.,INE0V6F01027,,Automobile,Automobile and Auto Components,Four Wheelers
ICICIBANK,ICICI Bank Ltd.,INE090A01021,,Financial Services,Financial Services,Private Banks
ICICIGI,ICICI Lombard General Insurance Company Ltd.,INE765G01017,,Financial Services,Financial Services,Insurance
ICICIAMC,ICICI Prudential Asset Management Company Ltd.,INE346A01027,,Financial Services,Financial Services,Asset Management
ICICIPRULI,ICICI Prudential Life Insurance Company Ltd.,INE726G01019,,Financial Services,Financial Services,Insurance
IDBI,IDBI Bank Ltd.,INE008A01015,,Financial Services,Financial Services,Private Banks
IDFCFIRSTB,IDFC First Bank Ltd.,INE092T01019,,Financial Services,Financial Services,Private Banks
IFCI,IFCI Ltd.,INE039A01010,,Financial Services,Financial Services,Specialized Finance
IIFL,IIFL Finance Ltd.,INE530B01024,,Financial Services,Financial Services,Investment Banking & Brokerage
IRB,IRB Infrastructure Developers Ltd.,INE821I01022,,Construction,Construction,Construction & Engineering
IRCON,IRCON International Ltd.,INE962Y01021,,Construction,Construction,Construction & Engineering
ITCHOTELS,ITC Hotels Ltd.,INE379A01028,,Services,Consumer Services,"Hotels, Resorts & Cruise Lines"
ITC,ITC Ltd.,INE154A01025,,Fast Moving Consumer Goods,Fast Moving Consumer Goods,FMCG - Tobacco
ITI,ITI Ltd.,INE248A01017,,Telecommunication,Telecommunication,Telecom Equipments
INDGN,Indegene Ltd.,INE065X01017,,Healthcare,Healthcare,Business Support Services
INDIACEM,India Cements Ltd.,INE383A01012,,Construction,Construction Materials,Cement
INDIAMART,Indiamart Intermesh Ltd.,INE933S01016,,Services,Consumer Services,Online Services
INDIANB,Indian Bank,INE562A01011,,Financial Services,Financial Services,Public Banks
IEX,Indian Energy Exchange Ltd.,INE022Q01020,,Financial Services,Financial Services,Power Trading & Consultancy
INDHOTEL,Indian Hotels Co. Ltd.,INE053A01029,,Services,Consumer Services,"Hotels, Resorts & Cruise Lines"
IOC,Indian Oil Corporation Ltd.,INE242A01010,,"Oil, Gas & Consumable Fuels",Oil Gas & Consumable Fuels,Oil & Gas - Refining & Marketing
IOB,Indian Overseas Bank,INE565A01014,,Financial Services,Financial Services,Public Banks
IRCTC,Indian Railway Catering And Tourism Corporation Ltd.,INE335Y01020,,Services,Consumer Services,Online Services
IRFC,Indian Railway Finance Corporation Ltd.,INE053F01010,,Financial Services,Financial Services,Specialized Finance
IREDA,Indian Renewable Energy Development Agency Ltd.,INE202E01016,,Financial Services,Financial Services,Specialized Finance
IGL,Indraprastha Gas Ltd.,INE203G01027,,"Oil, Gas & Consumable Fuels",Oil Gas & Consumable Fuels,Gas Distribution
INDUSTOWER,Indus Towers Ltd.,INE121J01017,,Telecommunication,Telecommunication,Telecom Infrastructure
INDUSINDBK,IndusInd Bank Ltd.,INE095A01012,,Financial Services,Financial Services,Private Banks
NAUKRI,Info Edge (India) Ltd.,INE663F01032,,Services,Consumer Services,Online Services
INFY,Infosys Ltd.,INE009A01021,,Information Technology,Information Technology,IT Services & Consulting
INOXWIND,Inox Wind Ltd.,INE066P01011,,Capital Goods,Capital Goods,Heavy Electrical Equipments
INTELLECT,Intellect Design Arena Ltd.,INE306R01017,,Information Technology,Information Technology,Software Services
INDIGO,InterGlobe Aviation Ltd.,INE646L01027,,Services,Services,Airlines
IGIL,International Gemological Institute Ltd.,INE0Q9301021,,Services,Services,Education Services
IKS,Inventurus Knowledge Solutions Ltd.,INE115Q01022,,Information Technology,Information Technology,Health Care Equipment & Supplies
IPCALAB,Ipca Laboratories Ltd.,INE571A01038,,Healthcare,Healthcare,Pharmaceuticals
JKCEMENT,J.K. Cement Ltd.,INE823G01014,,Construction,Construction Materials,Cement
JBMA,JBM Auto Ltd.,INE927D01051,,Automobile,Automobile and Auto Components,Auto Parts
JKTYRE,JK Tyre & Industries Ltd.,INE573A01042,,Automobile,Automobile and Auto Components,Tires & Rubber
JMFINANCIL,JM Financial Ltd.,INE780C01023,,Financial Services,Financial Services,Investment Banking & Brokerage
JSWCEMENT,JSW Cement Ltd.,INE718I01012,,Construction,Construction Materials,Cement
JSWDULUX,JSW Dulux Ltd.,INE133A01011,,Consumer Durables,Consumer Durables,Paints
JSWENERGY,JSW Energy Ltd.,INE121E01018,,Power,Power,Power Generation
JSWINFRA,JSW Infrastructure Ltd.,INE880J01026,,Services,Services,Ports
JSWSTEEL,JSW Steel Ltd.,INE019A01038,,Metals & Mining,Metals & Mining,Iron & Steel
JAINREC,Jain Resource Recycling Ltd.,INE0YD401026,,Metals & Mining,Metals & Mining,Metals - Diversified
JPPOWER,Jaiprakash Power Ventures Ltd.,INE351F01018,,Power,Power,Renewable Energy
J&KBANK,Jammu & Kashmir Bank Ltd.,INE168A01041,,Financial Services,Financial Services,Private Banks
JINDALSAW,Jindal Saw Ltd.,INE324A01032,,Capital Goods,Capital Goods,Building Products - Pipes
JSL,Jindal Stainless Ltd.,INE220G01021,,Metals & Mining,Metals & Mining,Iron & Steel
JINDALSTEL,Jindal Steel Ltd.,INE749A01030,,Metals & Mining,Metals & Mining,Iron & Steel
JIOFIN,Jio Financial Services Ltd.,INE758E01017,,Financial Services,Financial Services,Consumer Finance
JUBLFOOD,Jubilant Foodworks Ltd.,INE797F01020,,Services,Consumer Services,Restaurants & Cafes
JUBLINGREA,Jubilant Ingrevia Ltd.,INE0BY001018,,Chemicals,Chemicals,Specialty Chemicals
JUBLPHARMA,Jubilant Pharmova Ltd.,INE700A01033,,Healthcare,Healthcare,Pharmaceuticals
JWL,Jupiter Wagons Ltd.,INE209L01016,,Capital Goods,Capital Goods,Rail
JYOTICNC,Jyoti CNC Automation Ltd.,INE980O01024,,Capital Goods,Capital Goods,Industrial Machinery
KPRMILL,K.P.R. Mill Ltd.,INE930H01031,,Textiles,Textiles,Textiles
KEI,KEI Industries Ltd.,INE878B01027,,Capital Goods,Capital Goods,Cables
KPITTECH,KPIT Technologies Ltd.,INE04I401011,,Information Technology,Information Technology,IT Services & Consulting
KAJARIACER,Kajaria Ceramics Ltd.,INE217B01036,,Consumer Durables,Consumer Durables,Building Products - Ceramics
KPIL,Kalpataru Projects International Ltd.,INE220B01022,,Construction,Construction,Power Infrastructure
KALYANKJIL,Kalyan Jewellers India Ltd.,INE303R01014,,Consumer Durables,Consumer Durables,"Precious Metals, Jewellery & Watches"
KARURVYSYA,Karur Vysya Bank Ltd.,INE036D01028,,Financial Services,Financial Services,Private Banks
KAYNES,Kaynes Technology India Ltd.,INE918Z01012,,Capital Goods,Capital Goods,Electrical Components & Equipments
KEC,Kec International Ltd.,INE389H01022,,Construction,Construction,Construction & Engineering
KFINTECH,Kfin Technologies Ltd.,INE138Y01010,,Financial Services,Financial Services,Business Support Services
KIRLOSENG,Kirloskar Oil Eng Ltd.,INE146L01010,,Capital Goods,Capital Goods,Industrial Machinery
KOTAKBANK,Kotak Mahindra Bank Ltd.,INE237A01036,,Financial Services,Financial Services,Private Banks
KIMS,Krishna Institute of Medical Sciences Ltd.,INE967H01025,,Healthcare,Healthcare,Hospitals & Diagnostic Centres
LTF,L&T Finance Ltd.,INE498L01015,,Financial Services,Financial Services,Consumer Finance
LTTS,L&T Technology Services Ltd.,INE010V01017,,Information Technology,Information Technology,Software Services
LGEINDIA,LG Electronics India Ltd.,INE324D01010,,Consumer Durables,Consumer Durables,Home Electronics & Appliances
LICHSGFIN,LIC Housing Finance Ltd.,INE115A01026,,Financial Services,Financial Services,Home Financing
LTFOODS,LT Foods Ltd.,INE818H01020,,Fast Moving Consumer Goods,Fast Moving Consumer Goods,Packaged Foods
LTM,LTM Ltd.,INE214T01019,,Information Technology,Information Technology,IT Services & Consulting
LT,Larsen & Toubro Ltd.,INE018A01030,,Construction,Construction,Construction & Engineering
LATENTVIEW,Latent View Analytics Ltd.,INE0I7C01011,,Information Technology,Information Technology,IT Services & Consulting
LAURUSLABS,Laurus Labs Ltd.,INE947Q01028,,Healthcare,Healthcare,Pharmaceuticals
THELEELA,Leela Palaces Hotels & Resorts Ltd.,INE0AQ201015,,Services,Consumer Services,"Hotels, Resorts & Cruise Lines"
LEMONTREE,Lemon Tree Hotels Ltd.,INE970X01018,,Services,Consumer Services,"Hotels, Resorts & Cruise Lines"
LENSKART,Lenskart Solutions Ltd.,INE956O01016,,Services,Consumer Services,Retail - Speciality
LICI,Life Insurance Corporation of India,INE0J1Y01017,,Financial Services,Financial Services,Insurance
LINDEINDIA,Linde India Ltd.,INE473A01011,,Chemicals,Chemicals,Commodity Chemicals
LLOYDSME,Lloyds Metals And Energy Ltd.,INE281B01032,,Metals & Mining,Metals & Mining,Mining - Iron Ore
LODHA,Lodha Developers Ltd.,INE670K01029,,Realty,Realty,Real Estate
LUPIN,Lupin Ltd.,INE326A01037,,Healthcare,Healthcare,Pharmaceuticals
MMTC,MMTC Ltd.,INE123F01029,,Services,Services,Commodities Trading
MRF,MRF Ltd.,INE883A01011,,Automobile,Automobile and Auto Components,Tires & Rubber
MGL,Mahanagar Gas Ltd.,INE002S01010,,"Oil, Gas & Consumable Fuels",Oil Gas & Consumable Fuels,Gas Distribution
M&MFIN,Mahindra & Mahindra Financial Services Ltd.,INE774D01024,,Financial Services,Financial Services,Consumer Finance
M&M,Mahindra & Mahindra Ltd.,INE101A01026,,Automobile,Automobile and Auto Components,Four Wheelers
MANAPPURAM,Manappuram Finance Ltd.,INE522D01027,,Financial Services,Financial Services,Consumer Finance
MRPL,Mangalore Refinery & Petrochemicals Ltd.,INE103A01014,,"Oil, Gas & Consumable Fuels",Oil Gas & Consumable Fuels,Oil & Gas - Refining & Marketing
MANKIND,Mankind Pharma Ltd.,INE634S01028,,Healthcare,Healthcare,Pharmaceuticals
MARICO,Marico Ltd.,INE196A01026,,Fast Moving Consumer Goods,Fast Moving Consumer Goods,FMCG - Personal Products
MARUTI,Maruti Suzuki India Ltd.,INE585B01010,,Automobile,Automobile and Auto Components,Four Wheelers
MFSL,Max Financial Services Ltd.,INE180A01020,,Financial Services,Financial Services,Insurance
MAXHEALTH,Max Healthcare Institute Ltd.,INE027H01010,,Healthcare,Healthcare,Hospitals & Diagnostic Centres
MAZDOCK,Mazagoan Dock Shipbuilders Ltd.,INE249Z01020,,Capital Goods,Capital Goods,Shipbuilding
MEESHO,Meesho Ltd.,INE0VDM01015,,Services,Consumer Services,Retail - Online
MINDACORP,Minda Corporation Ltd.,INE842C01021,,Automobile,Automobile and Auto Components,Auto Parts
MSUMI,Motherson Sumi Wiring India Ltd.,INE0FS801015,,Automobile,Automobile and Auto Components,Cables
MOTILALOFS,Motilal Oswal Financial Services Ltd.,INE338I01027,,Financial Services,Financial Services,Diversified Financials
MPHASIS,MphasiS Ltd.,INE356A01018,,Information Technology,Information Technology,IT Services & Consulting
MCX,Multi Commodity Exchange of India Ltd.,INE745G01043,,Financial Services,Financial Services,Stock Exchanges & Ratings
MUTHOOTFIN,Muthoot Finance Ltd.,INE414G01012,,Financial Services,Financial Services,Consumer Finance
NATCOPHARM,NATCO Pharma Ltd.,INE987B01026,,Healthcare,Healthcare,Pharmaceuticals
NBCC,NBCC (India) Ltd.,INE095N01031,,Construction,Construction,Construction & Engineering
NCC,NCC Ltd.,INE868B01028,,Construction,Construction,Construction & Engineering
NHPC,NHPC Ltd.,INE848E01016,,Power,Power,Renewable Energy
NLCINDIA,NLC India Ltd.,INE589A01014,,Power,Power,Metals - Diversified
NMDC,NMDC Ltd.,INE584A01023,,Metals & Mining,Metals & Mining,Mining - Iron Ore
NSLNISP,NMDC Steel Ltd.,INE0NNS01018,,Metals & Mining,Metals & Mining,Iron & Steel
NTPCGREEN,NTPC Green Energy Ltd.,INE0ONG01011,,Power,Power,Renewable Energy
NTPC,NTPC Ltd.,INE733E01010,,Power,Power,Power Generation
NH,Narayana Hrudayalaya Ltd.,INE410P01011,,Healthcare,Healthcare,Hospitals & Diagnostic Centres
NATIONALUM,National Aluminium Co. Ltd.,INE139A01034,,Metals & Mining,Metals & Mining,Metals - Aluminium
NAVA,Nava Ltd.,INE725A01030,,Power,Power,Iron & Steel
NAVINFLUOR,Navin Fluorine International Ltd.,INE048G01026,,Chemicals,Chemicals,Specialty Chemicals
NESTLEIND,Nestle India Ltd.,INE239A01024,,Fast Moving Consumer Goods,Fast Moving Consumer Goods,FMCG - Foods
NETWEB,Netweb Technologies India Ltd.,INE0NT901020,,Information Technology,Information Technology,IT Services & Consulting
NEULANDLAB,Neuland Laboratories Ltd.,INE794A01010,,Healthcare,Healthcare,Pharmaceuticals
NEWGEN,Newgen Software Technologies Ltd.,INE619B01017,,Information Technology,Information Technology,Software Services
NAM-INDIA,Nippon Life India Asset Management Ltd.,INE298J01013,,Financial Services,Financial Services,Asset Management
NIVABUPA,Niva Bupa Health Insurance Company Ltd.,INE995S01015,,Financial Services,Financial Services,Insurance
NUVAMA,Nuvama Wealth Management Ltd.,INE531F01023,,Financial Services,Financial Services,Diversified Financials
NUVOCO,Nuvoco Vistas Corporation Ltd.,INE118D01016,,Construction,Construction Materials,Cement
OBEROIRLTY,Oberoi Realty Ltd.,INE093I01010,,Realty,Realty,Real Estate
ONGC,Oil & Natural Gas Corporation Ltd.,INE213A01029,,"Oil, Gas & Consumable Fuels",Oil Gas & Consumable Fuels,Oil & Gas - Exploration & Production
OIL,Oil India Ltd.,INE274J01014,,"Oil, Gas & Consumable Fuels",Oil Gas & Consumable Fuels,Oil & Gas - Exploration & Production
OLAELEC,Ola Electric Mobility Ltd.,INE0LXG01040,,Automobile,Automobile and Auto Components,Two Wheelers
OLECTRA,Olectra Greentech Ltd.,INE260D01016,,Automobile,Automobile and Auto Components,Electrical Components & Equipments
PAYTM,One 97 Communications Ltd.,INE982J01020,,Financial Services,Financial Services,Online Services
ONESOURCE,Onesource Specialty Pharma Ltd.,INE013P01021,,Healthcare,Healthcare,Biotechnology
OFSS,Oracle Financial Services Software Ltd.,INE881D01027,,Information Technology,Information Technology,Software Services
POLICYBZR,PB Fintech Ltd.,INE417T01026,,Financial Services,Financial Services,Online Services
PCBL,PCBL Chemical Ltd.,INE602A01031,,Chemicals,Chemicals,Commodity Chemicals
PGEL,PG Electroplast Ltd.,INE457L01029,,Consumer Durables,Consumer Durables,Electronic Equipments
PIIND,PI Industries Ltd.,INE603J01030,,Chemicals,Chemicals,Diversified Chemicals
PNBHOUSING,PNB Housing Finance Ltd.,INE572E01012,,Financial Services,Financial Services,Home Financing
PTCIL,PTC Industries Ltd.,INE596F01018,,Capital Goods,Capital Goods,Iron & Steel
PVRINOX,PVR INOX Ltd.,INE191H01014,,Media Entertainment & Publication,Media Entertainment & Publication,Theatres
PAGEIND,Page Industries Ltd.,INE761H01022,,Textiles,Textiles,Apparel & Accessories
PARADEEP,Paradeep Phosphates Ltd.,INE088F01024,,Chemicals,Chemicals,Fertilizers & Agro Chemicals
PATANJALI,Patanjali Foods Ltd.,INE619A01035,,Fast Moving Consumer Goods,Fast Moving Consumer Goods,Packaged Foods & Meats
PERSISTENT,Persistent Systems Ltd.,INE262H01021,,Information Technology,Information Technology,Software Services
PETRONET,Petronet LNG Ltd.,INE347G01014,,"Oil, Gas & Consumable Fuels",Oil Gas & Consumable Fuels,Oil & Gas - Storage & Transportation
PFIZER,Pfizer Ltd.,INE182A01018,,Healthcare,Healthcare,Pharmaceuticals
PHOENIXLTD,Phoenix Mills Ltd.,INE211B01039,,Realty,Realty,Real Estate
PWL,Physicswallah Ltd.,INE0LP301011,,Services,Consumer Services,Education Services
PIDILITIND,Pidilite Industries Ltd.,INE318A01026,,Chemicals,Chemicals,Diversified Chemicals
PINELABS,Pine Labs Ltd.,INE15B701018,,Financial Services,Financial Services,Software Services
PIRAMALFIN,Piramal Finance Ltd.,INE202B01038,,Financial Services,Financial Services,
PPLPHARMA,Piramal Pharma Ltd.,INE0DK501011,,Healthcare,Healthcare,Pharmaceuticals
POLYMED,Poly Medicure Ltd.,INE205C01021,,Healthcare,Healthcare,Health Care Equipment & Supplies
POLYCAB,Polycab India Ltd.,INE455K01017,,Capital Goods,Capital Goods,Electrical Components & Equipments
POONAWALLA,Poonawalla Fincorp Ltd.,INE511C01022,,Financial Services,Financial Services,Consumer Finance
PFC,Power Finance Corporation Ltd.,INE134E01011,,Financial Services,Financial Services,Specialized Finance
POWERGRID,Power Grid Corporation of India Ltd.,INE752E01010,,Power,Power,Power Transmission & Distribution
PREMIERENE,Premier Energies Ltd.,INE0BS701011,,Capital Goods,Capital Goods,Renewable Energy
PRESTIGE,Prestige Estates Projects Ltd.,INE811K01011,,Realty,Realty,Real Estate
PFOCUS,Prime Focus Ltd.,INE367G01038,,Media Entertainment & Publication,Media Entertainment & Publication,Animation
PNB,Punjab National Bank,INE160A01022,,Financial Services,Financial Services,Public Banks
RRKABEL,R R Kabel Ltd.,INE777K01022,,Capital Goods,Capital Goods,Cables
RBLBANK,RBL Bank Ltd.,INE976G01028,,Financial Services,Financial Services,Private Banks
RECLTD,REC Ltd.,INE020B01018,,Financial Services,Financial Services,Specialized Finance
RHIM,RHI MAGNESITA INDIA LTD.,INE743M01012,,Capital Goods,Capital Goods,Cement
RITES,RITES Ltd.,INE320J01015,,Construction,Construction,Business Support Services
RADICO,Radico Khaitan Ltd,INE944F01028,,Fast Moving Consumer Goods,Fast Moving Consumer Goods,Alcoholic Beverages
RVNL,Rail Vikas Nigam Ltd.,INE415G01027,,Construction,Construction,Specialized Finance
RAILTEL,Railtel Corporation Of India Ltd.,INE0DD101019,,Telecommunication,Telecommunication,Communication & Networking
RAINBOW,Rainbow Childrens Medicare Ltd.,INE961O01016,,Healthcare,Healthcare,Hospitals & Diagnostic Centres
RKFORGE,Ramkrishna Forgings Ltd.,INE399G01023,,Automobile,Automobile and Auto Components,Rail
REDINGTON,Redington Ltd.,INE891D01026,,Services,Services,Technology Hardware
RELIANCE,Reliance Industries Ltd.,INE002A01018,,"Oil, Gas & Consumable Fuels",Oil Gas & Consumable Fuels,Oil & Gas - Refining & Marketing
RPOWER,Reliance Power Ltd.,INE614G01033,,Power,Power,Power Generation
SBFC,SBFC Finance Ltd.,INE423Y01016,,Financial Services,Financial Services,Specialized Finance
SBICARD,SBI Cards and Payment Services Ltd.,INE018E01016,,Financial Services,Financial Services,Payment Infrastructure
SBILIFE,SBI Life Insurance Company Ltd.,INE123W01016,,Financial Services,Financial Services,Insurance
SJVN,SJVN Ltd.,INE002L01015,,Power,Power,Renewable Energy
SRF,SRF Ltd.,INE647A01010,,Chemicals,Chemicals,Diversified Chemicals
SAGILITY,Sagility Ltd.,INE0W2G01015,,Information Technology,Information Technology,Specialized Finance
SAILIFE,Sai Life Sciences Ltd.,INE570L01029,,Healthcare,Healthcare,Biotechnology
SAMMAANCAP,Sammaan Capital Ltd.,INE148I01020,,Financial Services,Financial Services,Home Financing
MOTHERSON,Samvardhana Motherson International Ltd.,INE775A01035,,Automobile,Automobile and Auto Components,Auto Parts
SAPPHIRE,Sapphire Foods India Ltd.,INE806T01020,,Services,Consumer Services,Restaurants & Cafes
SARDAEN,Sarda Energy and Minerals Ltd.,INE385C01021,,Metals & Mining,Metals & Mining,Iron & Steel
SAREGAMA,Saregama India Ltd,INE979A01025,,Media Entertainment & Publication,Media Entertainment & Publication,Movies & TV Serials
SCHAEFFLER,Schaeffler India Ltd.,INE513A01022,,Automobile,Automobile and Auto Components,Auto Parts
SCHNEIDER,Schneider Electric Infrastructure Ltd.,INE839M01018,,Capital Goods,Capital Goods,Heavy Electrical Equipments
SCI,Shipping Corporation of India Ltd.,INE109A01011,,Services,Services,Logistics
SHREECEM,Shree Cement Ltd.,INE070A01015,,Construction,Construction Materials,Cement
SHRIRAMFIN,Shriram Finance Ltd.,INE721A01047,,Financial Services,Financial Services,Consumer Finance
SHYAMMETL,Shyam Metalics and Energy Ltd.,INE810G01011,,Capital Goods,Capital Goods,Iron & Steel
ENRIN,Siemens Energy India Ltd.,INE1NPP01017,,Capital Goods,Capital Goods,Power Generation
SIEMENS,Siemens Ltd.,INE003A01024,,Capital Goods,Capital Goods,Conglomerates
SIGNATURE,Signatureglobal (India) Ltd.,INE903U01023,,Realty,Realty,Real Estate
SOBHA,Sobha Ltd.,INE671H01015,,Realty,Realty,Real Estate
SOLARINDS,Solar Industries India Ltd.,INE343H01029,,Chemicals,Chemicals,Commodity Chemicals
SONACOMS,Sona BLW Precision Forgings Ltd.,INE073K01018,,Automobile,Automobile and Auto Components,Auto Parts
SONATSOFTW,Sonata Software Ltd.,INE269A01021,,Information Technology,Information Technology,IT Services & Consulting
STARHEALTH,Star Health and Allied Insurance Company Ltd.,INE575P01011,,Financial Services,Financial Services,Insurance
SBIN,State Bank of India,INE062A01020,,Financial Services,Financial Services,Public Banks
SAIL,Steel Authority of India Ltd.,INE114A01011,,Metals & Mining,Metals & Mining,Iron & Steel
SUMICHEM,Sumitomo Chemical India Ltd.,INE258G01013,,Chemicals,Chemicals,Commodity Chemicals
SUNPHARMA,Sun Pharmaceutical Industries Ltd.,INE044A01036,,Healthcare,Healthcare,Pharmaceuticals
SUNTV,Sun TV Network Ltd.,INE424H01027,,Media Entertainment & Publication,Media Entertainment & Publication,TV Channels & Broadcasters
SUNDARMFIN,Sundaram Finance Ltd.,INE660A01013,,Financial Services,Financial Services,Consumer Finance
SUPREMEIND,Supreme Industries Ltd.,INE195A01028,,Capital Goods,Capital Goods,Plastic Products
SPLPETRO,Supreme Petrochem Ltd.,INE663A01033,,Chemicals,Chemicals,Specialty Chemicals
SUZLON,Suzlon Energy Ltd.,INE040H01021,,Capital Goods,Capital Goods,Renewable Energy Equipment & Services
SWANCORP,Swan Corp Ltd.,INE665A01038,,Chemicals,Chemicals,Textiles
SWIGGY,Swiggy Ltd.,INE00H001014,,Services,Consumer Services,Online Services
SYNGENE,Syngene International Ltd.,INE398R01022,,Healthcare,Healthcare,Labs & Life Sciences Services
SYRMA,Syrma SGS Technology Ltd.,INE0DYJ01015,,Capital Goods,Capital Goods,Electronic Equipments
TBOTEK,TBO Tek Ltd.,INE673O01025,,Services,Consumer Services,Tour & Travel Services
TVSMOTOR,TVS Motor Company Ltd.,INE494B01023,,Automobile,Automobile and Auto Components,Two Wheelers
TATACAP,Tata Capital Ltd.,INE976I01016,,Financial Services,Financial Services,Consumer Finance
TATACHEM,Tata Chemicals Ltd.,INE092A01019,,Chemicals,Chemicals,Diversified Chemicals
TATACOMM,Tata Communications Ltd.,INE151A01013,,Telecommunication,Telecommunication,Telecom Services
TCS,Tata Consultancy Services Ltd.,INE467B01029,,Information Technology,Information Technology,IT Services & Consulting
TATACONSUM,Tata Consumer Products Ltd.,INE192A01025,,Fast Moving Consumer Goods,Fast Moving Consumer Goods,Tea & Coffee
TATAELXSI,Tata Elxsi Ltd.,INE670A01012,,Information Technology,Information Technology,Software Services
TATAINVEST,Tata Investment Corporation Ltd.,INE672A01026,,Financial Services,Financial Services,Asset Management
TMCV,Tata Motors Ltd.,INE1TAE01010,,Capital Goods,Capital Goods,Trucks & Buses
TMPV,Tata Motors Passenger Vehicles Ltd.,INE155A01022,,Automobile,Automobile and Auto Components,Four Wheelers
TATAPOWER,Tata Power Co. Ltd.,INE245A01021,,Power,Power,Power Transmission & Distribution
TATASTEEL,Tata Steel Ltd.,INE081A01020,,Metals & Mining,Metals & Mining,Iron & Steel
TATATECH,Tata Technologies Ltd.,INE142M01025,,Information Technology,Information Technology,IT Services & Consulting
TTML,Tata Teleservices (Maharashtra) Ltd.,INE517B01013,,Telecommunication,Telecommunication,Telecom Services
TECHM,Tech Mahindra Ltd.,INE669C01036,,Information Technology,Information Technology,IT Services & Consulting
TECHNOE,Techno Electric & Engineering Company Ltd.,INE285K01026,,Construction,Construction,Construction & Engineering
TEGA,Tega Industries Ltd.,INE011K01018,,Capital Goods,Capital Goods,Industrial Machinery
TEJASNET,Tejas Networks Ltd.,INE010J01012,,Telecommunication,Telecommunication,Telecom Equipments
TENNIND,Tenneco Clean Air India Ltd.,INE19RI01016,,Automobile,Automobile and Auto Components,Auto Parts
NIACL,The New India Assurance Company Ltd.,INE470Y01017,,Financial Services,Financial Services,Insurance
RAMCOCEM,The Ramco Cements Ltd.,INE331A01037,,Construction,Construction Materials,Cement
THERMAX,Thermax Ltd.,INE152A01029,,Capital Goods,Capital Goods,Industrial Machinery
TIMKEN,Timken India Ltd.,INE325A01013,,Capital Goods,Capital Goods,Industrial Machinery
TITAGARH,Titagarh Rail Systems Ltd.,INE615H01020,,Capital Goods,Capital Goods,Rail
TITAN,Titan Company Ltd.,INE280A01028,,Consumer Durables,Consumer Durables,"Precious Metals, Jewellery & Watches"
TORNTPHARM,Torrent Pharmaceuticals Ltd.,INE685A01028,,Healthcare,Healthcare,Pharmaceuticals
TORNTPOWER,Torrent Power Ltd.,INE813H01021,,Power,Power,Power Transmission & Distribution
TARIL,Transformers And Rectifiers (India) Ltd.,INE763I01026,,Capital Goods,Capital Goods,Heavy Electrical Equipments
TRAVELFOOD,Travel Food Services Ltd.,INE103V01028,,Services,Consumer Services,Airports
TRENT,Trent Ltd.,INE849A01020,,Services,Consumer Services,Retail - Apparel
TRIDENT,Trident Ltd.,INE064C01022,,Textiles,Textiles,Textiles
TRITURBINE,Triveni Turbine Ltd.,INE152M01016,,Capital Goods,Capital Goods,Heavy Electrical Equipments
TIINDIA,Tube Investments of India Ltd.,INE974X01010,,Automobile,Automobile and Auto Components,Cycles
UCOBANK,UCO Bank,INE691A01018,,Financial Services,Financial Services,Public Banks
UNOMINDA,UNO Minda Ltd.,INE405E01023,,Automobile,Automobile and Auto Components,Auto Parts
UPL,UPL Ltd.,INE628A01036,,Chemicals,Chemicals,Fertilizers & Agro Chemicals
UTIAMC,UTI Asset Management Company Ltd.,INE094J01016,,Financial Services,Financial Services,Asset Management
ULTRACEMCO,UltraTech Cement Ltd.,INE481G01011,,Construction,Construction Materials,Cement
UNIONBANK,Union Bank of India,INE692A01016,,Financial Services,Financial Services,Public Banks
UBL,United Breweries Ltd.,INE686F01025,,Fast Moving Consumer Goods,Fast Moving Consumer Goods,Alcoholic Beverages
UNITDSPR,United Spirits Ltd.,INE854D01024,,Fast Moving Consumer Goods,Fast Moving Consumer Goods,Alcoholic Beverages
URBANCO,Urban Company Ltd.,INE0CAZ01013,,Services,Consumer Services,Online Services
USHAMART,Usha Martin Ltd.,INE228A01035,,Capital Goods,Capital Goods,Iron & Steel
VTL,Vardhman Textiles Ltd.,INE825A01020,,Textiles,Textiles,Textiles
VBL,Varun Beverages Ltd.,INE200M01039,,Fast Moving Consumer Goods,Fast Moving Consumer Goods,Soft Drinks
VEDL,Vedanta Ltd.,INE205A01025,,Metals & Mining,Metals & Mining,Metals - Diversified
VIJAYA,Vijaya Diagnostic Centre Ltd.,INE043W01024,,Healthcare,Healthcare,Hospitals & Diagnostic Centres
VMM,Vishal Mega Mart Ltd.,INE01EA01019,,Services,Consumer Services,FMCG - Foods
IDEA,Vodafone Idea Ltd.,INE669E01016,,Telecommunication,Telecommunication,Telecom Services
VOLTAS,Voltas Ltd.,INE226A01021,,Consumer Durables,Consumer Durables,Home Electronics & Appliances
WAAREEENER,Waaree Energies Ltd.,INE377N01017,,Capital Goods,Capital Goods,Renewable Energy Equipment & Services
WELCORP,Welspun Corp Ltd.,INE191B01025,,Capital Goods,Capital Goods,Iron & Steel
WELSPUNLIV,Welspun Living Ltd.,INE192B01031,,Textiles,Textiles,Textiles
WHIRLPOOL,Whirlpool of India Ltd.,INE716A01013,,Consumer Durables,Consumer Durables,Home Electronics & Appliances
WIPRO,Wipro Ltd.,INE075A01022,,Information Technology,Information Technology,IT Services & Consulting
WOCKPHARMA,Wockhardt Ltd.,INE049B01025,,Healthcare,Healthcare,Pharmaceuticals
YESBANK,Yes Bank Ltd.,INE528G01035,,Financial Services,Financial Services,Private Banks
ZFCVINDIA,ZF Commercial Vehicle Control Systems India Ltd.,INE342J01019,,Automobile,Automobile and Auto Components,Auto Parts
ZEEL,Zee Entertainment Enterprises Ltd.,INE256A01028,,Media Entertainment & Publication,Media Entertainment & Publication,TV Channels & Broadcasters
ZENTEC,Zen Technologies Ltd.,INE251B01027,,Capital Goods,Capital Goods,Electronic Equipments
ZENSARTECH,Zensar Technolgies Ltd.,INE520A01027,,Information Technology,Information Technology,IT Services & Consulting
ZYDUSLIFE,Zydus Lifesciences Ltd.,INE010B01027,,Healthcare,Healthcare,Pharmaceuticals
ZYDUSWELL,Zydus Wellness Ltd.,INE768C01028,,Fast Moving Consumer Goods,Fast Moving Consumer Goods,FMCG - Foods
ECLERX,eClerx Services Ltd.,INE738I01010,,Services,Services,Outsourced services
MID150CASE,Zerodha Midcap 150,,,ETF,ETF,Equity
TOP100CASE,Zerodha Largecap 100,,,ETF,ETF,Equity
MIDCAP,Kotak Midcap 50,,,ETF,ETF,Equity
NIFTYCASE,Zerodha Nifty 50,,,ETF,ETF,Equity
VISL,Vedanta Iron And Steel Limited,,,Metals & Mining,Metals & Mining,Iron & Steel
